"0","#color by the property (For dyes it was color) "
"0","sig.df_1 <- sig.df"
"0",""
"0",""
"0","#load all desc."
"0","cmpds <- read.csv(""PMI_EX_metabolite_SMILES.csv"", header= TRUE)"
"0",""
"0","#color by the property (Using HG classification)"
"0","sortMat2 = cmpds"
"0",""
"0",""
"0","#colorby property (Property is desc. col. name like p-value)"
"0","class = cmpds$class"
"0",""
"0","#cols for three tier plot"
"0","#Easy control of color assignments. ""Name"" = ""Color"""
"0","#""Name"" is the cell value inside original dataframe."
"0",""
"0","cols10 =c(""inf"" = ""yellowgreen"",""TCA"" = ""firebrick3"", ""AA"" = ""purple"", ""oxstress"" = ""darkcyan"",""pyr""= ""grey"",  ""ATPdeg"" = ""black"", ""diet"" = ""forestgreen"", ""purine"" = ""gold3"", ""insul"" = ""lightskyblue"", ""Faox"" = ""royalblue1"", ""G"" = ""salmon"", ""G/TCA"" = ""violetred2"",""nucleotide"" = ""navy"")"
"0",""
"0",""
"0",""
"0","to_plot3= (sig.df_1)"
"0","                             "
"0","names(to_plot3)=""MI_results"""
"0","rownames(to_plot3) = rownames(sig.df_1)"
"0",""
"0","to_plot3= as.data.frame(cbind(sig.df_1[,c(""PMI_metabolite_results"")], "
"0","                              sig.df_1[,c(""EX_metabolite_results"")])) "
"0","names(to_plot3)=c(""PMI_metabolite_results"", ""EX_metabolite_results"")"
"0","rownames(to_plot3) = rownames(sig.df_1)"
"0",""
