{"chunk_definitions":[{"chunk_id":"csetup_chunk","chunk_label":"setup","document_id":"915CF932","expansion_state":0,"options":{"engine":"r","include":false,"label":"setup"},"row":26,"row_count":1,"visible":true},{"chunk_id":"cigr9l4wyc8un","chunk_label":"unnamed-chunk-1","document_id":"915CF932","expansion_state":0,"options":{"engine":"r","include":false,"label":"unnamed-chunk-14"},"row":34,"row_count":1,"visible":true},{"chunk_id":"coedxu217nv8p","chunk_label":"pressure","document_id":"915CF932","expansion_state":0,"options":{"echo":false,"engine":"r","include":false,"label":"pressure"},"row":75,"row_count":1,"visible":true},{"chunk_id":"czh1rv2nyjm4t","chunk_label":"unnamed-chunk-2","document_id":"915CF932","expansion_state":0,"options":{"echo":false,"engine":"r","label":"unnamed-chunk-15"},"row":110,"row_count":1,"visible":true},{"chunk_id":"cda08smltmfye","chunk_label":"unnamed-chunk-3","document_id":"915CF932","expansion_state":0,"options":{"echo":false,"engine":"r","fig.height":16,"fig.width":16,"include":true,"label":"unnamed-chunk-16","message":false,"warning":false},"row":133,"row_count":1,"visible":true}],"chunk_rendered_width":700,"default_chunk_options":{"comment":"","echo":false,"include":false,"tidy":true,"tidy.opts":{"width.cutoff":60.00000000000000},"warning":false},"doc_write_time":1609263733,"working_dir":"PMI_EX_data/"}