{"chunk_definitions":[{"chunk_id":"csetup_chunk","chunk_label":"setup","document_id":"B2B4AA3","expansion_state":0,"options":{"engine":"r","include":false,"label":"setup"},"row":26,"row_count":1,"visible":true},{"chunk_id":"c1a4nsoq9to5t","chunk_label":"unnamed-chunk-1","document_id":"B2B4AA3","expansion_state":0,"options":{"engine":"r","include":false,"label":"unnamed-chunk-1"},"row":32,"row_count":1,"visible":true},{"chunk_id":"cceaptwtorewj","chunk_label":"pressure","document_id":"B2B4AA3","expansion_state":0,"options":{"echo":false,"engine":"r","include":false,"label":"pressure"},"row":74,"row_count":1,"visible":true},{"chunk_id":"cbc6kd1lzp4ts","chunk_label":"unnamed-chunk-2","document_id":"B2B4AA3","expansion_state":0,"options":{"echo":false,"engine":"r","label":"unnamed-chunk-2"},"row":110,"row_count":1,"visible":true},{"chunk_id":"ccqw6j7tn2x4g","chunk_label":"unnamed-chunk-3","document_id":"B2B4AA3","expansion_state":0,"options":{"echo":false,"engine":"r","fig.height":16,"fig.width":16,"include":true,"label":"unnamed-chunk-3","message":false,"warning":false},"row":133,"row_count":1,"visible":true}],"doc_write_time":1609263469}