{"chunk_definitions":[{"chunk_id":"csetup_chunk","chunk_label":"setup","document_id":"4CFB6E36","expansion_state":0,"options":{"engine":"r","include":false,"label":"setup"},"row":31,"row_count":1,"visible":true},{"chunk_id":"cqzne9tgxn8pb","chunk_label":"unnamed-chunk-1","document_id":"4CFB6E36","expansion_state":0,"options":{"engine":"r","label":"unnamed-chunk-37","message":false,"warning":false},"row":125,"row_count":1,"visible":true},{"chunk_id":"chzcy8o3dole5","chunk_label":"unnamed-chunk-2","document_id":"4CFB6E36","expansion_state":0,"options":{"engine":"r","label":"unnamed-chunk-38"},"row":129,"row_count":1,"visible":true},{"chunk_id":"c3k2geap3hl57","chunk_label":"unnamed-chunk-3","document_id":"4CFB6E36","expansion_state":0,"options":{"engine":"r","label":"unnamed-chunk-39"},"row":134,"row_count":1,"visible":true}],"default_chunk_options":{"cache":true,"echo":false},"doc_write_time":1609262956,"working_dir":"PMI_EX_data/"}