"0",""
"0","sig.df <- data.frame(matrix(nrow = 29))"
"0",""
"0","df1 <- read.csv(""PMI_metabolite_results.csv"")"
"0","df2 <- read.csv(""EX_metabolite_results.csv"")"
"0",""
"0",""
"0","sig.df$PMI_metabolite_results <- df1$pvalue"
"0","sig.df$EX_metabolite_results <- df2$pvalue"
"0",""
"0","sig.df$Metabolite <- df1$Metabolite"
"0","sig.df <- sig.df[c(4, 2:3)]"
"0",""
"0","met <- sig.df$Metabolite"
"0",""
"0","rownames(sig.df) <- sig.df$Metabolite"
"0",""
"0","sig.df$Metabolite <- NULL"
"0",""
"0","sig.df[sig.df == 0] <- NA"
"0",""
"0",""
"0",""
"0",""
"0","breaks <- seq(from=min(range(-0.005)), to=max(range(0.005)), length.out=1000)"
"0","midpoint <- which.min(abs(breaks - 0))"
"0","rampCol1 <- colorRampPalette(c( ""#00bfff"", ""#0f52ba""))(midpoint)"
"0","rampCol2 <- colorRampPalette(c( ""#60100b"",  ""#e3242b"",  ""#ff2400""))(1000-(midpoint))"
"0","rampCols <- c(rampCol1,rampCol2)"
"0",""
