"0",""
"0","mi_fn <- c(""PMI_results"")"
"0",""
"0","fn <- mi_fn[1]"
"0","sig.df <- data.frame(matrix(nrow = 301, ncol = length(mi_fn)))"
"0","for( i in 1 : length(mi_fn)) {"
"0","  fn <- mi_fn[i]"
"0","  df1<- read.csv(paste0(fn, ""_neg.csv""))"
"0","  df2<- read.csv(paste0(fn, ""_pos.csv""))"
"0","  df <- rbind(df1, df2)"
"0","  sig.df[, i] <- (df$Log2FCBeforevAfter) "
"0","  colnames(sig.df)[i] <- fn"
"0","}"
"0",""
"0","sig.df$Lipid <- df$Lipid"
"0","sig.df <- sig.df[c(2, 1)]"
"0",""
"0","lipids <- sig.df$Lipid"
"0","sig.df$Lipid <- gsub(""/"", ""_"", sig.df$Lipid)"
"0",""
"0",""
"0","sig.df <- unique(sig.df)"
"0",""
"0",""
"0","rownames(sig.df) <- sig.df$Lipid"
"0",""
"0","sig.df$Lipid <- NULL"
"0",""
"0","sig.df[sig.df == 0] <- NA"
"0",""
"0",""
"0","breaks <- seq(from=min(range(-3)), to=max(range(3)), length.out=10000)"
"0","midpoint <- which.min(abs(breaks - 0))"
"0","rampCol1 <- colorRampPalette(c(""#002060"", ""#0d78ca"", ""#00e8f0""))(midpoint)"
"0","rampCol2 <- colorRampPalette(c(""#FF4D4D"", ""red"", ""darkred""))(10000-(midpoint+1))"
"0","rampCols <- c(rampCol1,rampCol2)"
"0",""
