"0","exer_fn <- c(""PMI_multiomics_results"")"
"0",""
"0","fn <- exer_fn[1]"
"0","sig.df <- data.frame(matrix(nrow = 330, ncol = length(exer_fn)))"
"0","for( i in 1 : length(exer_fn)) {"
"0","  fn <- exer_fn[i]"
"0","  df1 <- read.csv(paste0(fn, ""_neg.csv""))"
"0","  df2<- read.csv(paste0(fn, ""_pos.csv""))"
"0","  df <- rbind(df1, df2)"
"0","  sig.df[, i] <- (df$p_adjust* df$Flag) "
"0","  colnames(sig.df)[i] <- fn"
"0","}"
"0",""
"0",""
"0","sig.df$Lipid <- df$Lipid"
"0","sig.df <- sig.df[c(2, 1)]"
"0",""
"0","lipids <- sig.df$Lipid"
"0","sig.df$Lipid <- gsub(""/"", ""_"", sig.df$Lipid)"
"0",""
"0",""
"0","sig.df <- unique(sig.df)"
"0",""
"0","rownames(sig.df) <- sig.df$Lipid"
"0",""
"0","sig.df$Lipid <- NULL"
"0",""
"0","sig.df[sig.df == 0] <- NA"
"0",""
"0",""
"0",""
"0","breaks <- seq(from=min(range(-0.005)), to=max(range(0.005)), length.out=1000)"
"0","midpoint <- which.min(abs(breaks - 0))"
"0","rampCol1 <- colorRampPalette(c(""#14f2fa"", ""#00bfff"", ""#0f52ba""))(midpoint)"
"0","rampCol2 <- colorRampPalette(c( ""#60100b"",  ""#e3242b"",  ""#ff2400""))(1000-(midpoint))"
"0","rampCols <- c(rampCol1,rampCol2)"
"0",""
