"0","#Generate Circular Dendrogram"
"0","t4 <- ggtree(tupgma, layout=""circular"", size=1.5) "
"0","#%<+% is a pipe symbol to combine datasets more efficiently="
"0","#merging circ. dend. w/ pvalue color assignments"
"0","t4 <- t4 %<+% cmpds +"
"0"," geom_tippoint(aes(color=class), size=8, shape = 16, alpha = 0.9)+"
"0","  geom_tiplab(aes(label=label, angle=angle, fontface=""bold""), hjust= 0, offset = .18,  size=8)+"
"0","  scale_color_manual(values =cols10) +"
"0","  theme(plot.margin = unit(c(0,0,0,0), ""cm""))+"
"0","  theme(text = element_text(size = 0.01)) +"
"0","  geom_treescale(x = NULL, y = NULL, width = 0.5, offset = 30,"
"0","                 color = ""white"", linesize = 1E-100, fontsize = 1E-100)"
"0","#plots circular dendrogram with layered heatmap"
"0","t4 <- gheatmap(t4, sig.df_1[1], offset = 0, width = 0.12, colnames = F)  +"
"0","  scale_fill_gradient2(low = rampCol1, high = rampCol2, mid = ""black"", na.value = ""grey70"", midpoint = 0)"
"0","t4 <- gheatmap(t4, sig.df_1[2], offset = 0.08, width = 0.12, colnames = F)  +"
"0","  scale_fill_gradient2(low = rampCol1, high = rampCol2, mid = ""black"", na.value = ""grey70"", midpoint = 0)"
"0",""
"0",""
"0","open_tree(t4, 50) %>% rotate_tree(50)"
