{"chunk_definitions":[{"chunk_id":"csetup_chunk","chunk_label":"setup","document_id":"185870DC","expansion_state":0,"options":{"engine":"r","include":false,"label":"setup"},"row":25,"row_count":1,"visible":true},{"chunk_id":"c28oj414jfxrb","chunk_label":"unnamed-chunk-1","document_id":"185870DC","expansion_state":0,"options":{"engine":"r","include":false,"label":"unnamed-chunk-34"},"row":31,"row_count":1,"visible":true},{"chunk_id":"chkeb3b991vuu","chunk_label":"pressure","document_id":"185870DC","expansion_state":0,"options":{"echo":false,"engine":"r","include":false,"label":"pressure"},"row":65,"row_count":1,"visible":true},{"chunk_id":"cldhd9g57snyj","chunk_label":"unnamed-chunk-2","document_id":"185870DC","expansion_state":0,"options":{"echo":false,"engine":"r","label":"unnamed-chunk-35"},"row":103,"row_count":1,"visible":true},{"chunk_id":"cp8cf0p2ky6kx","chunk_label":"unnamed-chunk-3","document_id":"185870DC","expansion_state":0,"options":{"echo":false,"engine":"r","fig.height":24,"fig.width":16,"include":true,"label":"unnamed-chunk-36","message":false,"warning":false},"row":128,"row_count":1,"visible":true}],"chunk_rendered_width":700,"default_chunk_options":{"comment":"","echo":false,"include":false,"tidy":true,"tidy.opts":{"width.cutoff":60.00000000000000},"warning":false},"doc_write_time":1609262962,"working_dir":"PMI_EX_data/"}