"0","#color by the property (For dyes it was color) "
"0","sig.df_1 <- sig.df"
"0",""
"0","#load all desc."
"0","cmpds <- read.csv(""PMI_LIPID_HG.csv"", header= TRUE)"
"0",""
"0","#color by the property (Using HG classification)"
"0","sortMat2 = cmpds"
"0",""
"0",""
"0","#colorby property (Property is desc. col. name like p-value)"
"0","HG = cmpds$HG"
"0",""
"0","#cols for three tier plot"
"0","#Easy control of color assignments. ""Name"" = ""Color"""
"0","#""Name"" is the cell value inside original dataframe."
"0",""
"0","cols10 =c(""Car"" = ""olivedrab3"",""CE"" = ""purple3"", ""Cer"" = ""black"", ""DG"" = ""gold3"", ""Gal/Glc Cer"" = ""darkcyan"" ,""MG""= ""red"", ""LPC"" = ""seagreen2"", ""PC"" = ""violetred3"", ""PC O-"" = ""turquoise2"", ""PC P-"" = ""darkorange"", ""LPE"" = ""blue"", ""PE"" = ""forestgreen"", ""PE P-"" = ""salmon"", ""PI"" = ""dodgerblue1"",""SM"" = ""ghostwhite"",""TG"" = ""navy"",  ""PE O-"" = ""plum1"")"
"0",""
"0",""
"0","###Adding sunburst effect (heatmap around circ. dend.)"
"0","#to_plot with three variables"
"0","#note. to create empty rows you need to use "" "" containers"
"0","#Each empty row needs a diff blank container, one space, two space, etc."
"0",""
"0","to_plot3= (sig.df_1)"
"0","                             "
"0","names(to_plot3)=""PMI_results"""
"0","rownames(to_plot3) = rownames(sig.df_1)"
